{"cameraMode":{"drawMode":0,"name":"Shaded","section":"Shading Mode"},"sceneLighting":true,"audioPlay":false,"sceneViewState":{"m_AlwaysRefresh":false,"showFog":true,"showSkybox":true,"showFlares":true,"showImageEffects":true,"showParticleSystems":true,"showVisualEffectGraphs":true,"m_FxEnabled":true},"in2DMode":false,"pivot":{"x":0.2549166977405548,"y":1.6154065132141114,"z":1.1165266036987305},"rotation":{"x":0.24205002188682557,"y":0.013097196817398072,"z":-0.003269343636929989,"w":0.9701746702194214},"size":11.236090660095215,"orthographic":false}